{"cameraMode":{"drawMode":0,"name":"Shaded","section":"Shading Mode"},"sceneLighting":false,"audioPlay":false,"sceneViewState":{"m_AlwaysRefresh":false,"showFog":true,"showSkybox":false,"showFlares":true,"showImageEffects":true,"showParticleSystems":true,"showVisualEffectGraphs":true,"m_FxEnabled":true},"in2DMode":false,"pivot":{"x":-0.032313112169504169,"y":0.6488420367240906,"z":0.0000019371509552001955},"rotation":{"x":-0.26619625091552737,"y":0.3369249999523163,"z":-0.09992261230945587,"w":-0.8975738286972046},"size":0.6599990725517273,"orthographic":false}